Folder,File,Class,ENN_misrate,PortTest_UGT_C
1.Deauth,Deauth_0.csv,Normal,0.0,
1.Deauth,Deauth_1.csv,Normal,0.0,
1.Deauth,Deauth_10.csv,Normal,0.0,
1.Deauth,Deauth_11.csv,Normal,0.0,
1.Deauth,Deauth_12.csv,Normal,0.0,
1.Deauth,Deauth_13.csv,Normal,0.0,
1.Deauth,Deauth_14.csv,Normal,0.0,
1.Deauth,Deauth_15.csv,Normal,0.0,
1.Deauth,Deauth_16.csv,Normal,0.0,
1.Deauth,Deauth_17.csv,Normal,0.0,
1.Deauth,Deauth_18.csv,Normal,0.0,
1.Deauth,Deauth_19.csv,Normal,0.0,
1.Deauth,Deauth_2.csv,Normal,0.0,
1.Deauth,Deauth_20.csv,Normal,0.0,
1.Deauth,Deauth_21.csv,Deauth,0.0,
1.Deauth,Deauth_21.csv,Normal,4.0720757406087755e-05,
1.Deauth,Deauth_22.csv,Deauth,0.00019227071716977504,
1.Deauth,Deauth_22.csv,Normal,0.0002455411951159624,
1.Deauth,Deauth_23.csv,Deauth,0.0,
1.Deauth,Deauth_23.csv,Normal,0.0002802690582959641,
1.Deauth,Deauth_24.csv,Deauth,0.0,
1.Deauth,Deauth_24.csv,Normal,0.0001222219958851928,
1.Deauth,Deauth_25.csv,Deauth,0.0,
1.Deauth,Deauth_25.csv,Normal,0.00010541184407480025,
1.Deauth,Deauth_26.csv,Deauth,0.0,
1.Deauth,Deauth_26.csv,Normal,0.00022956362042698833,
1.Deauth,Deauth_27.csv,Deauth,0.0,
1.Deauth,Deauth_27.csv,Normal,8.49689863199932e-05,
1.Deauth,Deauth_28.csv,Deauth,0.0,
1.Deauth,Deauth_28.csv,Normal,4.231192350004231e-05,
1.Deauth,Deauth_29.csv,Deauth,0.0,
1.Deauth,Deauth_29.csv,Normal,0.0,
1.Deauth,Deauth_3.csv,Normal,0.0,
1.Deauth,Deauth_30.csv,Deauth,0.0,
1.Deauth,Deauth_30.csv,Normal,0.00017048222113979543,
1.Deauth,Deauth_31.csv,Deauth,0.0,
1.Deauth,Deauth_31.csv,Normal,0.0,
1.Deauth,Deauth_32.csv,Deauth,0.0,
1.Deauth,Deauth_32.csv,Normal,0.0,
1.Deauth,Deauth_4.csv,Normal,0.0,
1.Deauth,Deauth_5.csv,Normal,0.0,
1.Deauth,Deauth_6.csv,Normal,0.0,
1.Deauth,Deauth_7.csv,Normal,0.0,
1.Deauth,Deauth_8.csv,Normal,0.0,
1.Deauth,Deauth_9.csv,Normal,0.0,
10.SQL_Injection,SQL_Injection_0.csv,Normal,0.0,
10.SQL_Injection,SQL_Injection_1.csv,Normal,0.0,
10.SQL_Injection,SQL_Injection_10.csv,Normal,0.0,
10.SQL_Injection,SQL_Injection_11.csv,Normal,0.0,
10.SQL_Injection,SQL_Injection_12.csv,Normal,0.0,
10.SQL_Injection,SQL_Injection_13.csv,Normal,0.0,
10.SQL_Injection,SQL_Injection_14.csv,Normal,0.0,
10.SQL_Injection,SQL_Injection_15.csv,Normal,0.0,
10.SQL_Injection,SQL_Injection_16.csv,Normal,0.0,
10.SQL_Injection,SQL_Injection_17.csv,Normal,0.0,
10.SQL_Injection,SQL_Injection_18.csv,Normal,0.0,
10.SQL_Injection,SQL_Injection_19.csv,Normal,0.0,
10.SQL_Injection,SQL_Injection_2.csv,Normal,0.0,
10.SQL_Injection,SQL_Injection_20.csv,Normal,0.0,
10.SQL_Injection,SQL_Injection_21.csv,Normal,0.0,
10.SQL_Injection,SQL_Injection_22.csv,Normal,0.0,
10.SQL_Injection,SQL_Injection_23.csv,Normal,0.0,
10.SQL_Injection,SQL_Injection_24.csv,Normal,0.0,
10.SQL_Injection,SQL_Injection_25.csv,Normal,0.0,
10.SQL_Injection,SQL_Injection_26.csv,Normal,0.0,
10.SQL_Injection,SQL_Injection_27.csv,Normal,0.0,
10.SQL_Injection,SQL_Injection_28.csv,Normal,0.0,
10.SQL_Injection,SQL_Injection_29.csv,Normal,4.013726946155853e-05,
10.SQL_Injection,SQL_Injection_29.csv,SQL_Injection,0.08187134502923976,
10.SQL_Injection,SQL_Injection_3.csv,Normal,0.0,
10.SQL_Injection,SQL_Injection_30.csv,Normal,0.0,
10.SQL_Injection,SQL_Injection_30.csv,SQL_Injection,0.43137254901960786,
10.SQL_Injection,SQL_Injection_31.csv,Normal,0.0,
10.SQL_Injection,SQL_Injection_31.csv,SQL_Injection,0.13333333333333333,
10.SQL_Injection,SQL_Injection_32.csv,Normal,0.0,
10.SQL_Injection,SQL_Injection_32.csv,SQL_Injection,0.5,
10.SQL_Injection,SQL_Injection_33.csv,Normal,4.0034429609464136e-05,
10.SQL_Injection,SQL_Injection_33.csv,SQL_Injection,0.11627906976744186,
10.SQL_Injection,SQL_Injection_34.csv,Normal,2.0009204233947616e-05,
10.SQL_Injection,SQL_Injection_34.csv,SQL_Injection,0.2608695652173913,
10.SQL_Injection,SQL_Injection_35.csv,Normal,0.0,
10.SQL_Injection,SQL_Injection_35.csv,SQL_Injection,0.2857142857142857,
10.SQL_Injection,SQL_Injection_36.csv,Normal,0.00018143332325370426,
10.SQL_Injection,SQL_Injection_36.csv,SQL_Injection,0.04050632911392405,
10.SQL_Injection,SQL_Injection_37.csv,Normal,0.00010051665560983455,
10.SQL_Injection,SQL_Injection_37.csv,SQL_Injection,0.08171206225680934,
10.SQL_Injection,SQL_Injection_38.csv,Normal,0.0,
10.SQL_Injection,SQL_Injection_38.csv,SQL_Injection,0.10843373493975904,
10.SQL_Injection,SQL_Injection_39.csv,Normal,0.0,
10.SQL_Injection,SQL_Injection_39.csv,SQL_Injection,0.75,
10.SQL_Injection,SQL_Injection_4.csv,Normal,0.0,
10.SQL_Injection,SQL_Injection_40.csv,Normal,0.0,
10.SQL_Injection,SQL_Injection_40.csv,SQL_Injection,0.41379310344827586,
10.SQL_Injection,SQL_Injection_41.csv,Normal,0.00014018785172130655,
10.SQL_Injection,SQL_Injection_41.csv,SQL_Injection,0.22388059701492538,
10.SQL_Injection,SQL_Injection_42.csv,Normal,2.008475767739862e-05,
10.SQL_Injection,SQL_Injection_42.csv,SQL_Injection,0.023923444976076555,
10.SQL_Injection,SQL_Injection_43.csv,Normal,0.0001606490220490783,
10.SQL_Injection,SQL_Injection_43.csv,SQL_Injection,0.10396039603960396,
10.SQL_Injection,SQL_Injection_44.csv,Normal,0.0,
10.SQL_Injection,SQL_Injection_44.csv,SQL_Injection,0.48484848484848486,
10.SQL_Injection,SQL_Injection_45.csv,Normal,0.0,
10.SQL_Injection,SQL_Injection_45.csv,SQL_Injection,0.6363636363636364,
10.SQL_Injection,SQL_Injection_46.csv,Normal,0.0003422795820162281,
10.SQL_Injection,SQL_Injection_46.csv,SQL_Injection,0.04504504504504504,
10.SQL_Injection,SQL_Injection_47.csv,Normal,0.0,
10.SQL_Injection,SQL_Injection_47.csv,SQL_Injection,0.28,
10.SQL_Injection,SQL_Injection_48.csv,Normal,0.00010050049245241301,
10.SQL_Injection,SQL_Injection_48.csv,SQL_Injection,0.08502024291497975,
10.SQL_Injection,SQL_Injection_49.csv,Normal,0.0,
10.SQL_Injection,SQL_Injection_49.csv,SQL_Injection,0.32894736842105265,
10.SQL_Injection,SQL_Injection_5.csv,Normal,0.0,
10.SQL_Injection,SQL_Injection_50.csv,Normal,2.0011206275514287e-05,
10.SQL_Injection,SQL_Injection_50.csv,SQL_Injection,0.39285714285714285,
10.SQL_Injection,SQL_Injection_51.csv,Normal,4.141644232760406e-05,
10.SQL_Injection,SQL_Injection_51.csv,SQL_Injection,0.14666666666666667,
10.SQL_Injection,SQL_Injection_6.csv,Normal,0.0,
10.SQL_Injection,SQL_Injection_7.csv,Normal,0.0,
10.SQL_Injection,SQL_Injection_8.csv,Normal,0.0,
10.SQL_Injection,SQL_Injection_9.csv,Normal,0.0,
11.SSDP,SSDP_0.csv,Normal,0.0,
11.SSDP,SSDP_1.csv,Normal,0.0,
11.SSDP,SSDP_10.csv,Normal,0.0,
11.SSDP,SSDP_100.csv,Normal,0.0005936479667557139,
11.SSDP,SSDP_100.csv,SSDP,0.0,
11.SSDP,SSDP_101.csv,Normal,0.00030197795560924054,
11.SSDP,SSDP_101.csv,SSDP,0.0,
11.SSDP,SSDP_102.csv,Normal,0.0002987303958177745,
11.SSDP,SSDP_102.csv,SSDP,0.0,
11.SSDP,SSDP_103.csv,Normal,0.0,
11.SSDP,SSDP_103.csv,SSDP,0.0,
11.SSDP,SSDP_104.csv,Normal,0.0,
11.SSDP,SSDP_104.csv,SSDP,0.0,
11.SSDP,SSDP_105.csv,Normal,0.0,
11.SSDP,SSDP_105.csv,SSDP,0.0,
11.SSDP,SSDP_106.csv,Normal,0.0,
11.SSDP,SSDP_106.csv,SSDP,0.0,
11.SSDP,SSDP_107.csv,Normal,0.0003686862480029495,
11.SSDP,SSDP_107.csv,SSDP,0.0,
11.SSDP,SSDP_108.csv,Normal,0.0,
11.SSDP,SSDP_108.csv,SSDP,0.0,
11.SSDP,SSDP_109.csv,Normal,0.0003348961821835231,
11.SSDP,SSDP_109.csv,SSDP,0.0,
11.SSDP,SSDP_11.csv,Normal,0.0,
11.SSDP,SSDP_110.csv,Normal,0.0006170554115759595,
11.SSDP,SSDP_110.csv,SSDP,0.0,
11.SSDP,SSDP_111.csv,Normal,0.00024348672997321646,
11.SSDP,SSDP_111.csv,SSDP,0.0,
11.SSDP,SSDP_112.csv,Normal,0.0005317734645041213,
11.SSDP,SSDP_112.csv,SSDP,0.0,
11.SSDP,SSDP_113.csv,Normal,0.00011205737337516809,
11.SSDP,SSDP_113.csv,SSDP,0.0,
11.SSDP,SSDP_114.csv,Normal,0.0,
11.SSDP,SSDP_114.csv,SSDP,0.0,
11.SSDP,SSDP_115.csv,Normal,0.0,
11.SSDP,SSDP_115.csv,SSDP,0.0,
11.SSDP,SSDP_116.csv,Normal,0.0002577319587628866,
11.SSDP,SSDP_116.csv,SSDP,0.0,
11.SSDP,SSDP_117.csv,Normal,0.0006912760956726117,
11.SSDP,SSDP_117.csv,SSDP,0.0,
11.SSDP,SSDP_118.csv,Normal,0.00023823704586063132,
11.SSDP,SSDP_118.csv,SSDP,0.0,
11.SSDP,SSDP_119.csv,Normal,0.0001311991603253739,
11.SSDP,SSDP_119.csv,SSDP,0.0,
11.SSDP,SSDP_12.csv,Normal,0.0,
11.SSDP,SSDP_120.csv,Normal,0.00017003910899506886,
11.SSDP,SSDP_120.csv,SSDP,0.0,
11.SSDP,SSDP_121.csv,Normal,0.0,
11.SSDP,SSDP_121.csv,SSDP,0.0,
11.SSDP,SSDP_122.csv,Normal,0.00013787398317937404,
11.SSDP,SSDP_122.csv,SSDP,0.0,
11.SSDP,SSDP_123.csv,Normal,0.0002957704821058858,
11.SSDP,SSDP_123.csv,SSDP,0.0,
11.SSDP,SSDP_124.csv,Normal,8.172939397654367e-05,
11.SSDP,SSDP_124.csv,SSDP,0.0,
11.SSDP,SSDP_125.csv,Normal,0.0,
11.SSDP,SSDP_125.csv,SSDP,8.809796493700995e-05,
11.SSDP,SSDP_126.csv,Normal,0.0011443284222571878,
11.SSDP,SSDP_126.csv,SSDP,0.0,
11.SSDP,SSDP_127.csv,Normal,0.0,
11.SSDP,SSDP_127.csv,SSDP,0.0,
11.SSDP,SSDP_128.csv,Normal,0.0,
11.SSDP,SSDP_128.csv,SSDP,0.0,
11.SSDP,SSDP_129.csv,Normal,0.00030102347983142685,
11.SSDP,SSDP_129.csv,SSDP,0.0,
11.SSDP,SSDP_13.csv,Normal,0.0,
11.SSDP,SSDP_130.csv,Normal,0.00015583606046439146,
11.SSDP,SSDP_130.csv,SSDP,0.0,
11.SSDP,SSDP_131.csv,Normal,0.0,
11.SSDP,SSDP_131.csv,SSDP,0.0,
11.SSDP,SSDP_132.csv,Normal,0.00031196381219778506,
11.SSDP,SSDP_132.csv,SSDP,0.0,
11.SSDP,SSDP_133.csv,Normal,0.0008607086501219337,
11.SSDP,SSDP_133.csv,SSDP,0.0,
11.SSDP,SSDP_134.csv,Normal,0.0006585879873551106,
11.SSDP,SSDP_134.csv,SSDP,0.0,
11.SSDP,SSDP_135.csv,Normal,0.00046948356807511736,
11.SSDP,SSDP_135.csv,SSDP,0.0,
11.SSDP,SSDP_136.csv,Normal,0.0007052186177715092,
11.SSDP,SSDP_136.csv,SSDP,0.0,
11.SSDP,SSDP_137.csv,Normal,0.00039840637450199205,
11.SSDP,SSDP_137.csv,SSDP,0.0,
11.SSDP,SSDP_138.csv,Normal,0.0004495055439017081,
11.SSDP,SSDP_138.csv,SSDP,0.0,
11.SSDP,SSDP_139.csv,Normal,0.0006190034045187249,
11.SSDP,SSDP_139.csv,SSDP,0.0,
11.SSDP,SSDP_14.csv,Normal,0.0,
11.SSDP,SSDP_140.csv,Normal,0.000591016548463357,
11.SSDP,SSDP_140.csv,SSDP,0.0,
11.SSDP,SSDP_141.csv,Normal,0.0002801512816921137,
11.SSDP,SSDP_141.csv,SSDP,0.0,
11.SSDP,SSDP_142.csv,Normal,0.00011319900384876613,
11.SSDP,SSDP_142.csv,SSDP,2.429189136666181e-05,
11.SSDP,SSDP_143.csv,Normal,0.0,
11.SSDP,SSDP_143.csv,SSDP,0.0,
11.SSDP,SSDP_144.csv,Normal,0.0005361930294906167,
11.SSDP,SSDP_144.csv,SSDP,0.0,
11.SSDP,SSDP_145.csv,Normal,0.0005076142131979696,
11.SSDP,SSDP_145.csv,SSDP,2.2680880018144703e-05,
11.SSDP,SSDP_146.csv,Normal,0.00016173378618793466,
11.SSDP,SSDP_146.csv,SSDP,0.0,
11.SSDP,SSDP_147.csv,Normal,0.0001598721023181455,
11.SSDP,SSDP_147.csv,SSDP,0.0,
11.SSDP,SSDP_148.csv,Normal,0.0001528117359413203,
11.SSDP,SSDP_148.csv,SDDP,0.0,
11.SSDP,SSDP_149.csv,Normal,0.0,
11.SSDP,SSDP_149.csv,SSDP,0.0,
11.SSDP,SSDP_15.csv,Normal,0.0,
11.SSDP,SSDP_150.csv,Normal,0.0,
11.SSDP,SSDP_150.csv,SSDP,0.0,
11.SSDP,SSDP_151.csv,Normal,3.1870478375880424e-05,
11.SSDP,SSDP_151.csv,SSDP,0.0,
11.SSDP,SSDP_152.csv,Normal,0.0,
11.SSDP,SSDP_152.csv,SSDP,0.0,
11.SSDP,SSDP_153.csv,Normal,0.00031913196106590075,
11.SSDP,SSDP_153.csv,SSDP,0.0,
11.SSDP,SSDP_154.csv,Normal,0.0003588087549336204,
11.SSDP,SSDP_154.csv,SSDP,0.0,
11.SSDP,SSDP_155.csv,Normal,0.0,
11.SSDP,SSDP_155.csv,SSDP,0.0,
11.SSDP,SSDP_156.csv,Normal,0.0004103405826836274,
11.SSDP,SSDP_156.csv,SSDP,0.0,
11.SSDP,SSDP_157.csv,Normal,0.00042444821731748726,
11.SSDP,SSDP_157.csv,SSDP,4.4161808867691223e-05,
11.SSDP,SSDP_158.csv,Normal,0.0007024116132053383,
11.SSDP,SSDP_158.csv,SSDP,0.0,
11.SSDP,SSDP_159.csv,Normal,0.0,
11.SSDP,SSDP_159.csv,SSDP,0.0,
11.SSDP,SSDP_16.csv,Normal,0.0,
11.SSDP,SSDP_160.csv,Normal,0.0004145077720207254,
11.SSDP,SSDP_160.csv,SSDP,2.213613724405091e-05,
11.SSDP,SSDP_161.csv,Normal,0.0004825090470446321,
11.SSDP,SSDP_161.csv,SSDP,0.0,
11.SSDP,SSDP_162.csv,Normal,4.828585224529213e-05,
11.SSDP,SSDP_162.csv,SSDP,0.0,
11.SSDP,SSDP_17.csv,Normal,0.0,
11.SSDP,SSDP_18.csv,Normal,0.0,
11.SSDP,SSDP_19.csv,Normal,0.0,
11.SSDP,SSDP_2.csv,Normal,0.0,
11.SSDP,SSDP_20.csv,Normal,0.0,
11.SSDP,SSDP_21.csv,Normal,0.0,
11.SSDP,SSDP_22.csv,Normal,0.0,
11.SSDP,SSDP_24.csv,Normal,0.0,
11.SSDP,SSDP_26.csv,Normal,0.0,
11.SSDP,SSDP_28.csv,Normal,0.0008047827086686594,
11.SSDP,SSDP_28.csv,SSDP,0.0,
11.SSDP,SSDP_29.csv,Normal,0.0011529592621060721,
11.SSDP,SSDP_29.csv,SSDP,0.0,
11.SSDP,SSDP_3.csv,Normal,0.0,
11.SSDP,SSDP_30.csv,Normal,0.00044797849703214247,
11.SSDP,SSDP_30.csv,SSDP,0.0,
11.SSDP,SSDP_31.csv,Normal,9.13575735428467e-05,
11.SSDP,SSDP_31.csv,SSDP,0.0,
11.SSDP,SSDP_32.csv,Normal,0.0002498126405196103,
11.SSDP,SSDP_32.csv,SSDP,0.0,
11.SSDP,SSDP_33.csv,Normal,0.001095290251916758,
11.SSDP,SSDP_33.csv,SSDP,0.0,
11.SSDP,SSDP_34.csv,Normal,0.0003847263633740502,
11.SSDP,SSDP_34.csv,SSDP,0.0,
11.SSDP,SSDP_35.csv,Normal,0.0003573662110247476,
11.SSDP,SSDP_35.csv,SSDP,0.0,
11.SSDP,SSDP_36.csv,Normal,0.0004226096143687269,
11.SSDP,SSDP_36.csv,SSDP,0.0,
11.SSDP,SSDP_37.csv,Normal,0.00039051059259982425,
11.SSDP,SSDP_37.csv,SSDP,0.0,
11.SSDP,SSDP_38.csv,Normal,0.0002860139193440747,
11.SSDP,SSDP_38.csv,SSDP,0.0,
11.SSDP,SSDP_39.csv,Normal,0.0003961965134706815,
11.SSDP,SSDP_39.csv,SSDP,0.0,
11.SSDP,SSDP_4.csv,Normal,0.0,
11.SSDP,SSDP_40.csv,Normal,0.00027257505548849346,
11.SSDP,SSDP_40.csv,SSDP,0.0,
11.SSDP,SSDP_41.csv,Normal,0.00034598085572598315,
11.SSDP,SSDP_41.csv,SSDP,0.0,
11.SSDP,SSDP_42.csv,Normal,0.0,
11.SSDP,SSDP_42.csv,SSDP,0.0,
11.SSDP,SSDP_43.csv,Normal,0.0,
11.SSDP,SSDP_43.csv,SSDP,0.0,
11.SSDP,SSDP_44.csv,Normal,0.00022530134054297624,
11.SSDP,SSDP_44.csv,SSDP,0.0,
11.SSDP,SSDP_45.csv,Normal,0.00046533271288971617,
11.SSDP,SSDP_45.csv,SSDP,0.0,
11.SSDP,SSDP_46.csv,Normal,0.00011180679785330948,
11.SSDP,SSDP_46.csv,SSDP,0.0,
11.SSDP,SSDP_47.csv,Normal,0.0,
11.SSDP,SSDP_47.csv,SSDP,0.0,
11.SSDP,SSDP_48.csv,Normal,0.0001863064741499767,
11.SSDP,SSDP_48.csv,SSDP,0.0,
11.SSDP,SSDP_49.csv,Normal,0.00020652622883106156,
11.SSDP,SSDP_49.csv,SSDP,0.0,
11.SSDP,SSDP_5.csv,Normal,0.0,
11.SSDP,SSDP_50.csv,Normal,0.0,
11.SSDP,SSDP_50.csv,SSDP,0.0,
11.SSDP,SSDP_51.csv,Normal,0.0006517084070384508,
11.SSDP,SSDP_51.csv,SSDP,0.0,
11.SSDP,SSDP_52.csv,Normal,0.0003308701885960075,
11.SSDP,SSDP_52.csv,SSDP,0.0,
11.SSDP,SSDP_53.csv,Normal,0.0004150238638721727,
11.SSDP,SSDP_53.csv,SSDP,0.0,
11.SSDP,SSDP_54.csv,Normal,0.00010068465565847765,
11.SSDP,SSDP_54.csv,SSDP,0.0,
11.SSDP,SSDP_55.csv,Normal,0.0005347117012743962,
11.SSDP,SSDP_55.csv,SSDP,0.0,
11.SSDP,SSDP_56.csv,Normal,0.0002008838891120932,
11.SSDP,SSDP_56.csv,SSDP,0.0,
11.SSDP,SSDP_57.csv,Normal,9.277298450691158e-05,
11.SSDP,SSDP_57.csv,SSDP,0.0,
11.SSDP,SSDP_58.csv,Normal,0.00046146746654360867,
11.SSDP,SSDP_58.csv,SSDP,0.0,
11.SSDP,SSDP_59.csv,Normal,0.0004100881689563256,
11.SSDP,SSDP_59.csv,SSDP,0.0,
11.SSDP,SSDP_6.csv,Normal,0.0,
11.SSDP,SSDP_60.csv,Normal,0.0011116051578479323,
11.SSDP,SSDP_60.csv,SSDP,0.0,
11.SSDP,SSDP_61.csv,Normal,0.0006462731581214993,
11.SSDP,SSDP_61.csv,SSDP,0.0,
11.SSDP,SSDP_62.csv,Normal,0.0002920276452837535,
11.SSDP,SSDP_62.csv,SSDP,0.0,
11.SSDP,SSDP_63.csv,Normal,0.0002822732404968009,
11.SSDP,SSDP_63.csv,SSDP,0.0,
11.SSDP,SSDP_64.csv,Normal,0.000310077519379845,
11.SSDP,SSDP_64.csv,SSDP,0.0,
11.SSDP,SSDP_65.csv,Normal,0.00035746201966041106,
11.SSDP,SSDP_65.csv,SSDP,0.0,
11.SSDP,SSDP_66.csv,Normal,0.00015118300703000984,
11.SSDP,SSDP_66.csv,SSDP,0.0,
11.SSDP,SSDP_67.csv,Normal,0.00032862306933946765,
11.SSDP,SSDP_67.csv,SSDP,0.0,
11.SSDP,SSDP_68.csv,Normal,0.0,
11.SSDP,SSDP_68.csv,SSDP,0.0,
11.SSDP,SSDP_69.csv,Normal,0.0008479709267110841,
11.SSDP,SSDP_69.csv,SSDP,0.0,
11.SSDP,SSDP_7.csv,Normal,0.0,
11.SSDP,SSDP_70.csv,Normal,0.00037185780157667706,
11.SSDP,SSDP_70.csv,SSDP,0.0,
11.SSDP,SSDP_71.csv,Normal,0.0004607587160190447,
11.SSDP,SSDP_71.csv,SSDP,0.0,
11.SSDP,SSDP_72.csv,Normal,0.0009861932938856016,
11.SSDP,SSDP_72.csv,SSDP,0.0,
11.SSDP,SSDP_73.csv,Normal,0.000460546515198035,
11.SSDP,SSDP_73.csv,SSDP,0.0,
11.SSDP,SSDP_74.csv,Normal,0.00012742641124750457,
11.SSDP,SSDP_74.csv,SSDP,0.0,
11.SSDP,SSDP_75.csv,Normal,0.0,
11.SSDP,SSDP_76.csv,Normal,0.0007541478129713424,
11.SSDP,SSDP_76.csv,SSDP,0.0,
11.SSDP,SSDP_77.csv,Normal,0.0008976660682226212,
11.SSDP,SSDP_77.csv,SSDP,0.0,
11.SSDP,SSDP_78.csv,Normal,0.0,
11.SSDP,SSDP_78.csv,SSDP,0.0,
11.SSDP,SSDP_79.csv,Normal,0.0005356186395286556,
11.SSDP,SSDP_79.csv,SSDP,0.0,
11.SSDP,SSDP_80.csv,Normal,0.0002517200872629636,
11.SSDP,SSDP_80.csv,SSDP,0.0,
11.SSDP,SSDP_81.csv,Normal,8.338197281747686e-05,
11.SSDP,SSDP_81.csv,SSDP,0.0,
11.SSDP,SSDP_82.csv,Normal,0.0006333122229259025,
11.SSDP,SSDP_82.csv,SSDP,0.0,
11.SSDP,SSDP_83.csv,Normal,0.00016084928422068523,
11.SSDP,SSDP_83.csv,SSDP,0.0,
11.SSDP,SSDP_84.csv,Normal,0.0002576323586242432,
11.SSDP,SSDP_84.csv,SSDP,0.0,
11.SSDP,SSDP_85.csv,Normal,0.00030358227079538557,
11.SSDP,SSDP_85.csv,SSDP,0.0,
11.SSDP,SSDP_86.csv,Normal,0.0004947229551451188,
11.SSDP,SSDP_86.csv,SSDP,2.2760378732702113e-05,
11.SSDP,SSDP_87.csv,Normal,0.0003594105666706601,
11.SSDP,SSDP_87.csv,SSDP,0.0,
11.SSDP,SSDP_88.csv,Normal,0.0007676560900716479,
11.SSDP,SSDP_88.csv,SSDP,0.0,
11.SSDP,SSDP_89.csv,Normal,0.00024509803921568627,
11.SSDP,SSDP_89.csv,SSDP,0.0,
11.SSDP,SSDP_9.csv,Normal,0.0,
11.SSDP,SSDP_90.csv,Normal,0.00011534025374855825,
11.SSDP,SSDP_90.csv,SSDP,0.0,
11.SSDP,SSDP_91.csv,Normal,0.0,
11.SSDP,SSDP_91.csv,SSDP,0.0,
11.SSDP,SSDP_92.csv,Normal,0.0,
11.SSDP,SSDP_92.csv,SSDP,0.0,
11.SSDP,SSDP_93.csv,Normal,0.00025464731347084286,
11.SSDP,SSDP_93.csv,SSDP,0.0,
11.SSDP,SSDP_94.csv,Normal,0.0004698144233027954,
11.SSDP,SSDP_94.csv,SSDP,0.0,
11.SSDP,SSDP_95.csv,Normal,0.00038075897956593474,
11.SSDP,SSDP_95.csv,SSDP,2.374112675387574e-05,
11.SSDP,SSDP_96.csv,Normal,0.00022709208584080845,
11.SSDP,SSDP_96.csv,SSDP,0.0,
11.SSDP,SSDP_97.csv,Normal,0.0006215813028344107,
11.SSDP,SSDP_97.csv,SSDP,0.0,
11.SSDP,SSDP_98.csv,Normal,0.00024316109422492402,
11.SSDP,SSDP_98.csv,SSDP,0.0,
11.SSDP,SSDP_99.csv,Normal,0.0002774694783573807,
11.SSDP,SSDP_99.csv,SSDP,0.0,
12.Evil_Twin,Evil_Twin_0.csv,Normal,0.0,
12.Evil_Twin,Evil_Twin_1.csv,Normal,0.0,
12.Evil_Twin,Evil_Twin_10.csv,Normal,0.0,
12.Evil_Twin,Evil_Twin_11.csv,Normal,0.0,
12.Evil_Twin,Evil_Twin_12.csv,Normal,0.0,
12.Evil_Twin,Evil_Twin_13.csv,Normal,0.0,
12.Evil_Twin,Evil_Twin_14.csv,Normal,0.0,
12.Evil_Twin,Evil_Twin_15.csv,Normal,0.0,
12.Evil_Twin,Evil_Twin_16.csv,Normal,0.0,
12.Evil_Twin,Evil_Twin_17.csv,Normal,0.0,
12.Evil_Twin,Evil_Twin_18.csv,Normal,0.0,
12.Evil_Twin,Evil_Twin_19.csv,Normal,0.0,
12.Evil_Twin,Evil_Twin_2.csv,Normal,0.0,
12.Evil_Twin,Evil_Twin_20.csv,Normal,0.0,
12.Evil_Twin,Evil_Twin_21.csv,Normal,0.0,
12.Evil_Twin,Evil_Twin_22.csv,Normal,0.0,
12.Evil_Twin,Evil_Twin_23.csv,Normal,0.0,
12.Evil_Twin,Evil_Twin_24.csv,Normal,0.0,
12.Evil_Twin,Evil_Twin_25.csv,Normal,0.0,
12.Evil_Twin,Evil_Twin_26.csv,Normal,0.0,
12.Evil_Twin,Evil_Twin_27.csv,Normal,0.0,
12.Evil_Twin,Evil_Twin_28.csv,Evil_Twin,0.043010752688172046,
12.Evil_Twin,Evil_Twin_28.csv,Normal,0.0001806721002127916,
12.Evil_Twin,Evil_Twin_29.csv,Evil_Twin,0.024242424242424242,
12.Evil_Twin,Evil_Twin_29.csv,Normal,8.026487408447878e-05,
12.Evil_Twin,Evil_Twin_3.csv,Normal,0.0,
12.Evil_Twin,Evil_Twin_30.csv,Evil_Twin,0.09090909090909091,
12.Evil_Twin,Evil_Twin_30.csv,Normal,2.006662118232532e-05,
12.Evil_Twin,Evil_Twin_31.csv,Evil_Twin,0.01729106628242075,
12.Evil_Twin,Evil_Twin_31.csv,Normal,0.00042293517008035766,
12.Evil_Twin,Evil_Twin_32.csv,Evil_Twin,0.11842105263157894,
12.Evil_Twin,Evil_Twin_32.csv,Normal,4.0060892556686166e-05,
12.Evil_Twin,Evil_Twin_33.csv,Evil_Twin,0.0625,
12.Evil_Twin,Evil_Twin_33.csv,Normal,0.00014022435897435896,
12.Evil_Twin,Evil_Twin_34.csv,Evil_Twin,0.004878048780487805,
12.Evil_Twin,Evil_Twin_34.csv,Normal,0.00012099213551119177,
12.Evil_Twin,Evil_Twin_35.csv,Evil_Twin,0.0010179529890801406,
12.Evil_Twin,Evil_Twin_35.csv,Normal,0.00033168342093177526,
12.Evil_Twin,Evil_Twin_36.csv,Evil_Twin,0.00106318347509113,
12.Evil_Twin,Evil_Twin_36.csv,Normal,0.00013819789939192924,
12.Evil_Twin,Evil_Twin_37.csv,Evil_Twin,0.0012297097884899164,
12.Evil_Twin,Evil_Twin_37.csv,Normal,0.0002612443941307093,
12.Evil_Twin,Evil_Twin_38.csv,Evil_Twin,0.021052631578947368,
12.Evil_Twin,Evil_Twin_38.csv,Normal,0.0,
12.Evil_Twin,Evil_Twin_39.csv,Evil_Twin,0.0021103406692794696,
12.Evil_Twin,Evil_Twin_39.csv,Normal,0.0,
12.Evil_Twin,Evil_Twin_4.csv,Normal,0.0,
12.Evil_Twin,Evil_Twin_40.csv,Evil_Twin,0.002767377502848771,
12.Evil_Twin,Evil_Twin_40.csv,Normal,0.0,
12.Evil_Twin,Evil_Twin_41.csv,Evil_Twin,0.0018909899888765295,
12.Evil_Twin,Evil_Twin_41.csv,Normal,0.0001950743721043648,
12.Evil_Twin,Evil_Twin_42.csv,Evil_Twin,0.00036034412864285393,
12.Evil_Twin,Evil_Twin_42.csv,Normal,0.0002158351019820857,
12.Evil_Twin,Evil_Twin_43.csv,Evil_Twin,0.0005061241016297196,
12.Evil_Twin,Evil_Twin_43.csv,Normal,9.969841230278408e-05,
12.Evil_Twin,Evil_Twin_44.csv,Evil_Twin,0.057971014492753624,
12.Evil_Twin,Evil_Twin_44.csv,Normal,8.022141109462116e-05,
12.Evil_Twin,Evil_Twin_45.csv,Evil_Twin,0.20481927710843373,
12.Evil_Twin,Evil_Twin_45.csv,Normal,0.0,
12.Evil_Twin,Evil_Twin_46.csv,Evil_Twin,0.0006663334999167084,
12.Evil_Twin,Evil_Twin_46.csv,Normal,0.00018183471224656787,
12.Evil_Twin,Evil_Twin_47.csv,Evil_Twin,0.0017436791630340018,
12.Evil_Twin,Evil_Twin_47.csv,Normal,8.384689556869156e-05,
12.Evil_Twin,Evil_Twin_48.csv,Evil_Twin,0.06140350877192982,
12.Evil_Twin,Evil_Twin_48.csv,Normal,2.004650789832411e-05,
12.Evil_Twin,Evil_Twin_49.csv,Evil_Twin,0.013215859030837005,
12.Evil_Twin,Evil_Twin_49.csv,Normal,2.009121411206879e-05,
12.Evil_Twin,Evil_Twin_5.csv,Normal,0.0,
12.Evil_Twin,Evil_Twin_50.csv,Evil_Twin,0.00040592652729855896,
12.Evil_Twin,Evil_Twin_50.csv,Normal,0.00032381806406615854,
12.Evil_Twin,Evil_Twin_51.csv,Evil_Twin,0.11363636363636363,
12.Evil_Twin,Evil_Twin_51.csv,Normal,0.0,
12.Evil_Twin,Evil_Twin_52.csv,Evil_Twin,0.03614457831325301,
12.Evil_Twin,Evil_Twin_52.csv,Normal,0.0,
12.Evil_Twin,Evil_Twin_53.csv,Evil_Twin,0.00040298206729800525,
12.Evil_Twin,Evil_Twin_53.csv,Normal,0.00022458451864051506,
12.Evil_Twin,Evil_Twin_54.csv,Evil_Twin,0.02459016393442623,
12.Evil_Twin,Evil_Twin_54.csv,Normal,4.009783872649264e-05,
12.Evil_Twin,Evil_Twin_55.csv,Evil_Twin,0.0,
12.Evil_Twin,Evil_Twin_55.csv,Normal,0.0,
12.Evil_Twin,Evil_Twin_58.csv,Evil_Twin,1.0,
12.Evil_Twin,Evil_Twin_58.csv,Normal,0.0,
12.Evil_Twin,Evil_Twin_59.csv,Evil_Twin,0.03636363636363636,
12.Evil_Twin,Evil_Twin_59.csv,Normal,4.0088997574615646e-05,
12.Evil_Twin,Evil_Twin_6.csv,Normal,0.0,
12.Evil_Twin,Evil_Twin_60.csv,Evil_Twin,0.042682926829268296,
12.Evil_Twin,Evil_Twin_60.csv,Normal,0.0,
12.Evil_Twin,Evil_Twin_61.csv,Evil_Twin,0.0,
12.Evil_Twin,Evil_Twin_61.csv,Normal,0.0,
12.Evil_Twin,Evil_Twin_62.csv,Evil_Twin,0.045454545454545456,
12.Evil_Twin,Evil_Twin_62.csv,Normal,0.0,
12.Evil_Twin,Evil_Twin_63.csv,Evil_Twin,0.05063291139240506,
12.Evil_Twin,Evil_Twin_63.csv,Normal,0.0,
12.Evil_Twin,Evil_Twin_64.csv,Evil_Twin,0.016129032258064516,
12.Evil_Twin,Evil_Twin_64.csv,Normal,2.0025231792057992e-05,
12.Evil_Twin,Evil_Twin_65.csv,Evil_Twin,0.02040816326530612,
12.Evil_Twin,Evil_Twin_65.csv,Normal,0.0,
12.Evil_Twin,Evil_Twin_66.csv,Evil_Twin,0.0,
12.Evil_Twin,Evil_Twin_66.csv,Normal,0.0,
12.Evil_Twin,Evil_Twin_67.csv,Evil_Twin,0.0,
12.Evil_Twin,Evil_Twin_67.csv,Normal,0.0,
12.Evil_Twin,Evil_Twin_68.csv,Evil_Twin,0.0,
12.Evil_Twin,Evil_Twin_68.csv,Normal,0.0,
12.Evil_Twin,Evil_Twin_69.csv,Evil_Twin,0.02830188679245283,
12.Evil_Twin,Evil_Twin_69.csv,Normal,4.008498015793482e-05,
12.Evil_Twin,Evil_Twin_7.csv,Normal,0.0,
12.Evil_Twin,Evil_Twin_70.csv,Evil_Twin,0.031446540880503145,
12.Evil_Twin,Evil_Twin_70.csv,Normal,0.0,
12.Evil_Twin,Evil_Twin_71.csv,Evil_Twin,0.05102040816326531,
12.Evil_Twin,Evil_Twin_71.csv,Normal,0.0,
12.Evil_Twin,Evil_Twin_72.csv,Evil_Twin,0.052083333333333336,
12.Evil_Twin,Evil_Twin_72.csv,Normal,6.011542160949022e-05,
12.Evil_Twin,Evil_Twin_73.csv,Evil_Twin,0.0891089108910891,
12.Evil_Twin,Evil_Twin_73.csv,Normal,4.0082570094394456e-05,
12.Evil_Twin,Evil_Twin_74.csv,Evil_Twin,0.06060606060606061,
12.Evil_Twin,Evil_Twin_74.csv,Normal,6.011903569066752e-05,
12.Evil_Twin,Evil_Twin_75.csv,Evil_Twin,0.0,
12.Evil_Twin,Evil_Twin_75.csv,Normal,0.0,
12.Evil_Twin,Evil_Twin_8.csv,Normal,0.0,
12.Evil_Twin,Evil_Twin_9.csv,Normal,0.0,
13.Website_spoofing,Website_spoofing_0.csv,Normal,4.000800160032006e-05,
13.Website_spoofing,Website_spoofing_0.csv,Website_spoofing,0.7,
13.Website_spoofing,Website_spoofing_1.csv,Normal,0.0,
13.Website_spoofing,Website_spoofing_1.csv,Website_spoofing,1.0,
13.Website_spoofing,Website_spoofing_10.csv,Normal,0.0,
13.Website_spoofing,Website_spoofing_10.csv,Website_spoofing,1.0,
13.Website_spoofing,Website_spoofing_11.csv,Normal,0.0,
13.Website_spoofing,Website_spoofing_11.csv,Website_spoofing,1.0,
13.Website_spoofing,Website_spoofing_12.csv,Normal,0.0,
13.Website_spoofing,Website_spoofing_12.csv,Website_spoofing,0.4666666666666667,
13.Website_spoofing,Website_spoofing_13.csv,Normal,4.001840846789523e-05,
13.Website_spoofing,Website_spoofing_13.csv,Website_spoofing,0.2608695652173913,
13.Website_spoofing,Website_spoofing_14.csv,Normal,0.0,
13.Website_spoofing,Website_spoofing_14.csv,Website_spoofing,0.65,
13.Website_spoofing,Website_spoofing_15.csv,Normal,0.0,
13.Website_spoofing,Website_spoofing_16.csv,Normal,4.0011203136878324e-05,
13.Website_spoofing,Website_spoofing_16.csv,Website_spoofing,0.8571428571428571,
13.Website_spoofing,Website_spoofing_17.csv,Normal,0.0,
13.Website_spoofing,Website_spoofing_17.csv,Website_spoofing,0.6363636363636364,
13.Website_spoofing,Website_spoofing_18.csv,Normal,4.000560078410978e-05,
13.Website_spoofing,Website_spoofing_18.csv,Website_spoofing,0.5714285714285714,
13.Website_spoofing,Website_spoofing_19.csv,Normal,0.0,
13.Website_spoofing,Website_spoofing_19.csv,Website_spoofing,0.5882352941176471,
13.Website_spoofing,Website_spoofing_2.csv,Normal,0.0,
13.Website_spoofing,Website_spoofing_2.csv,Website_spoofing,1.0,
13.Website_spoofing,Website_spoofing_20.csv,Normal,4.000960230455309e-05,
13.Website_spoofing,Website_spoofing_20.csv,Website_spoofing,0.5454545454545454,
13.Website_spoofing,Website_spoofing_21.csv,Normal,2.0004400968213005e-05,
13.Website_spoofing,Website_spoofing_21.csv,Website_spoofing,0.7272727272727273,
13.Website_spoofing,Website_spoofing_22.csv,Normal,0.00017356967737736217,
13.Website_spoofing,Website_spoofing_22.csv,Website_spoofing,0.008186236889229983,
13.Website_spoofing,Website_spoofing_23.csv,Normal,0.0007900400468575476,
13.Website_spoofing,Website_spoofing_23.csv,Website_spoofing,0.002106688736739147,
13.Website_spoofing,Website_spoofing_24.csv,Normal,0.0006362456417173542,
13.Website_spoofing,Website_spoofing_24.csv,Website_spoofing,0.002148528724894909,
13.Website_spoofing,Website_spoofing_25.csv,Normal,0.0008123256884460209,
13.Website_spoofing,Website_spoofing_25.csv,Website_spoofing,0.0023720254036269034,
13.Website_spoofing,Website_spoofing_26.csv,Normal,0.00045815516188149055,
13.Website_spoofing,Website_spoofing_26.csv,Website_spoofing,0.002520537714712472,
13.Website_spoofing,Website_spoofing_27.csv,Normal,0.00023659305993690852,
13.Website_spoofing,Website_spoofing_27.csv,Website_spoofing,0.003930094489505811,
13.Website_spoofing,Website_spoofing_28.csv,Normal,0.0007951164460859751,
13.Website_spoofing,Website_spoofing_28.csv,Website_spoofing,0.006992371957864148,
13.Website_spoofing,Website_spoofing_29.csv,Normal,0.001026045777426993,
13.Website_spoofing,Website_spoofing_29.csv,Website_spoofing,0.0019182652210175146,
13.Website_spoofing,Website_spoofing_3.csv,Normal,0.0,
13.Website_spoofing,Website_spoofing_3.csv,Website_spoofing,1.0,
13.Website_spoofing,Website_spoofing_30.csv,Normal,0.0007092557880338416,
13.Website_spoofing,Website_spoofing_30.csv,Website_spoofing,0.0025660520813533547,
13.Website_spoofing,Website_spoofing_31.csv,Normal,0.0010796804145972792,
13.Website_spoofing,Website_spoofing_31.csv,Website_spoofing,0.0010809141445336627,
13.Website_spoofing,Website_spoofing_32.csv,Normal,0.0006515815661651463,
13.Website_spoofing,Website_spoofing_32.csv,Website_spoofing,0.0011086474501108647,
13.Website_spoofing,Website_spoofing_33.csv,Normal,0.0007624441781940966,
13.Website_spoofing,Website_spoofing_33.csv,Website_spoofing,0.0018830973184694184,
13.Website_spoofing,Website_spoofing_34.csv,Normal,0.0014575559701492538,
13.Website_spoofing,Website_spoofing_34.csv,Website_spoofing,0.00191131498470948,
13.Website_spoofing,Website_spoofing_35.csv,Normal,0.0007311174849558517,
13.Website_spoofing,Website_spoofing_35.csv,Website_spoofing,0.0009004017176894307,
13.Website_spoofing,Website_spoofing_36.csv,Normal,0.00026899074671831287,
13.Website_spoofing,Website_spoofing_36.csv,Website_spoofing,0.001091703056768559,
13.Website_spoofing,Website_spoofing_37.csv,Normal,0.0009737888501176661,
13.Website_spoofing,Website_spoofing_37.csv,Website_spoofing,0.0009208809761338347,
13.Website_spoofing,Website_spoofing_38.csv,Normal,0.00038533665579160994,
13.Website_spoofing,Website_spoofing_38.csv,Website_spoofing,0.001896505012191818,
13.Website_spoofing,Website_spoofing_39.csv,Normal,0.0009629899536723752,
13.Website_spoofing,Website_spoofing_39.csv,Website_spoofing,0.004492052522460262,
13.Website_spoofing,Website_spoofing_4.csv,Normal,6.002400960384154e-05,
13.Website_spoofing,Website_spoofing_4.csv,Website_spoofing,0.7222222222222222,
13.Website_spoofing,Website_spoofing_40.csv,Normal,0.0005858230814294083,
13.Website_spoofing,Website_spoofing_40.csv,Website_spoofing,0.0020086774867427285,
13.Website_spoofing,Website_spoofing_41.csv,Normal,0.0005155198610809638,
13.Website_spoofing,Website_spoofing_41.csv,Website_spoofing,0.003575776019476567,
13.Website_spoofing,Website_spoofing_42.csv,Normal,0.0011064223960477564,
13.Website_spoofing,Website_spoofing_42.csv,Website_spoofing,0.00475933908045977,
13.Website_spoofing,Website_spoofing_43.csv,Normal,0.0008047508047508048,
13.Website_spoofing,Website_spoofing_43.csv,Website_spoofing,0.0007161271841879118,
13.Website_spoofing,Website_spoofing_44.csv,Normal,0.0008396791846425573,
13.Website_spoofing,Website_spoofing_44.csv,Website_spoofing,0.001228739571881265,
13.Website_spoofing,Website_spoofing_45.csv,Normal,0.00046759819562108043,
13.Website_spoofing,Website_spoofing_45.csv,Website_spoofing,0.000732922896511287,
13.Website_spoofing,Website_spoofing_46.csv,Normal,0.00042252330920255766,
13.Website_spoofing,Website_spoofing_46.csv,Website_spoofing,0.0008966135595558315,
13.Website_spoofing,Website_spoofing_47.csv,Normal,0.0005795341649188652,
13.Website_spoofing,Website_spoofing_47.csv,Website_spoofing,0.0015257192676547515,
13.Website_spoofing,Website_spoofing_48.csv,Normal,0.00133090298874519,
13.Website_spoofing,Website_spoofing_48.csv,Website_spoofing,0.0005182354084342813,
13.Website_spoofing,Website_spoofing_49.csv,Normal,0.0007506255212677231,
13.Website_spoofing,Website_spoofing_49.csv,Website_spoofing,0.001639344262295082,
13.Website_spoofing,Website_spoofing_5.csv,Normal,0.0,
13.Website_spoofing,Website_spoofing_5.csv,Website_spoofing,0.5714285714285714,
13.Website_spoofing,Website_spoofing_50.csv,Normal,0.0008410885313508967,
13.Website_spoofing,Website_spoofing_50.csv,Website_spoofing,0.0032722015067346475,
13.Website_spoofing,Website_spoofing_51.csv,Normal,0.001032222067233924,
13.Website_spoofing,Website_spoofing_51.csv,Website_spoofing,0.001412928293889085,
13.Website_spoofing,Website_spoofing_52.csv,Normal,0.0007726597325408618,
13.Website_spoofing,Website_spoofing_52.csv,Website_spoofing,0.0008562691131498471,
13.Website_spoofing,Website_spoofing_53.csv,Normal,0.00022811953463614933,
13.Website_spoofing,Website_spoofing_53.csv,Website_spoofing,0.0009204712812960235,
13.Website_spoofing,Website_spoofing_6.csv,Normal,0.0,
13.Website_spoofing,Website_spoofing_6.csv,Website_spoofing,1.0,
13.Website_spoofing,Website_spoofing_7.csv,Normal,6.003602161296778e-05,
13.Website_spoofing,Website_spoofing_7.csv,Website_spoofing,0.43333333333333335,
13.Website_spoofing,Website_spoofing_8.csv,Normal,0.0,
13.Website_spoofing,Website_spoofing_9.csv,Normal,0.0,
13.Website_spoofing,Website_spoofing_9.csv,Website_spoofing,1.0,
2.Disas,Disas_0.csv,Normal,0.0,
2.Disas,Disas_1.csv,Normal,0.0,
2.Disas,Disas_10.csv,Normal,0.0,
2.Disas,Disas_11.csv,Normal,0.0,
2.Disas,Disas_12.csv,Normal,0.0,
2.Disas,Disas_13.csv,Normal,0.0,
2.Disas,Disas_14.csv,Normal,0.0,
2.Disas,Disas_15.csv,Normal,0.0,
2.Disas,Disas_16.csv,Normal,0.0,
2.Disas,Disas_17.csv,Normal,0.0,
2.Disas,Disas_18.csv,Normal,0.0,
2.Disas,Disas_19.csv,Normal,0.0,
2.Disas,Disas_2.csv,Normal,0.0,
2.Disas,Disas_20.csv,Normal,0.0,
2.Disas,Disas_21.csv,Normal,0.0,
2.Disas,Disas_22.csv,Normal,0.0,
2.Disas,Disas_23.csv,Normal,0.0,
2.Disas,Disas_24.csv,Normal,0.0,
2.Disas,Disas_25.csv,Normal,0.0,
2.Disas,Disas_26.csv,Normal,0.0,
2.Disas,Disas_27.csv,Normal,0.0,
2.Disas,Disas_28.csv,Disas,0.00047192071731949034,
2.Disas,Disas_28.csv,Normal,8.354044401745996e-05,
2.Disas,Disas_29.csv,Disas,0.0013404825737265416,
2.Disas,Disas_29.csv,Normal,0.0001046879252946965,
2.Disas,Disas_3.csv,Normal,0.0,
2.Disas,Disas_30.csv,Disas,0.0,
2.Disas,Disas_30.csv,Normal,4.31238949501919e-05,
2.Disas,Disas_31.csv,Disas,0.0,
2.Disas,Disas_31.csv,Normal,0.00031934306569343066,
2.Disas,Disas_32.csv,Disas,0.0012610340479192938,
2.Disas,Disas_32.csv,Normal,0.0,
2.Disas,Disas_33.csv,Disas,0.0,
2.Disas,Disas_33.csv,Normal,0.0,
2.Disas,Disas_34.csv,Disas,0.0,
2.Disas,Disas_34.csv,Normal,0.00010216069877917965,
2.Disas,Disas_35.csv,Disas,0.0,
2.Disas,Disas_35.csv,Normal,0.00014018691588785047,
2.Disas,Disas_36.csv,Disas,0.0,
2.Disas,Disas_36.csv,Normal,0.0001452854859799506,
2.Disas,Disas_37.csv,Disas,0.00010385294423096895,
2.Disas,Disas_37.csv,Normal,0.00019816204701394565,
2.Disas,Disas_38.csv,Disas,0.0,
2.Disas,Disas_38.csv,Normal,0.00019635756712974326,
2.Disas,Disas_39.csv,Disas,0.0002827654460624912,
2.Disas,Disas_39.csv,Normal,0.00018636289514757613,
2.Disas,Disas_4.csv,Normal,0.0,
2.Disas,Disas_40.csv,Disas,0.0,
2.Disas,Disas_40.csv,Normal,7.805791897588011e-05,
2.Disas,Disas_5.csv,Normal,0.0,
2.Disas,Disas_6.csv,Normal,0.0,
2.Disas,Disas_7.csv,Normal,0.0,
2.Disas,Disas_8.csv,Normal,0.0,
2.Disas,Disas_9.csv,Normal,0.0,
3.(Re)Assoc,(Re)Assoc_0.csv,Normal,0.0,
3.(Re)Assoc,(Re)Assoc_1.csv,Normal,0.0,
3.(Re)Assoc,(Re)Assoc_10.csv,Normal,0.0,
3.(Re)Assoc,(Re)Assoc_11.csv,Normal,0.0,
3.(Re)Assoc,(Re)Assoc_12.csv,Normal,0.0,
3.(Re)Assoc,(Re)Assoc_13.csv,Normal,0.0,
3.(Re)Assoc,(Re)Assoc_14.csv,Normal,0.0,
3.(Re)Assoc,(Re)Assoc_15.csv,Normal,0.0,
3.(Re)Assoc,(Re)Assoc_16.csv,Normal,0.0,
3.(Re)Assoc,(Re)Assoc_17.csv,Normal,0.0,
3.(Re)Assoc,(Re)Assoc_18.csv,Normal,0.0,
3.(Re)Assoc,(Re)Assoc_19.csv,Normal,0.0,
3.(Re)Assoc,(Re)Assoc_2.csv,Normal,0.0,
3.(Re)Assoc,(Re)Assoc_20.csv,Normal,0.0,
3.(Re)Assoc,(Re)Assoc_21.csv,Normal,0.0,
3.(Re)Assoc,(Re)Assoc_22.csv,(Re)Assoc,0.0,
3.(Re)Assoc,(Re)Assoc_22.csv,Normal,0.0,
3.(Re)Assoc,(Re)Assoc_24.csv,(Re)Assoc,0.0013175230566534915,
3.(Re)Assoc,(Re)Assoc_24.csv,Normal,2.030827968562783e-05,
3.(Re)Assoc,(Re)Assoc_25.csv,(Re)Assoc,0.001996007984031936,
3.(Re)Assoc,(Re)Assoc_25.csv,Normal,0.0,
3.(Re)Assoc,(Re)Assoc_26.csv,(Re)Assoc,0.0,
3.(Re)Assoc,(Re)Assoc_26.csv,Normal,0.0,
3.(Re)Assoc,(Re)Assoc_27.csv,(Re)Assoc,0.002702702702702703,
3.(Re)Assoc,(Re)Assoc_27.csv,Normal,2.014910336490026e-05,
3.(Re)Assoc,(Re)Assoc_28.csv,(Re)Assoc,0.0,
3.(Re)Assoc,(Re)Assoc_28.csv,Normal,0.0,
3.(Re)Assoc,(Re)Assoc_29.csv,(Re)Assoc,0.0,
3.(Re)Assoc,(Re)Assoc_29.csv,Normal,0.0,
3.(Re)Assoc,(Re)Assoc_3.csv,Normal,0.0,
3.(Re)Assoc,(Re)Assoc_30.csv,(Re)Assoc,0.0,
3.(Re)Assoc,(Re)Assoc_30.csv,Normal,0.0,
3.(Re)Assoc,(Re)Assoc_31.csv,(Re)Assoc,0.0028328611898017,
3.(Re)Assoc,(Re)Assoc_31.csv,Normal,0.0,
3.(Re)Assoc,(Re)Assoc_32.csv,(Re)Assoc,0.0,
3.(Re)Assoc,(Re)Assoc_32.csv,Normal,0.0,
3.(Re)Assoc,(Re)Assoc_33.csv,(Re)Assoc,0.00847457627118644,
3.(Re)Assoc,(Re)Assoc_33.csv,Normal,0.0,
3.(Re)Assoc,(Re)Assoc_34.csv,(Re)Assoc,0.0,
3.(Re)Assoc,(Re)Assoc_34.csv,Normal,0.0,
3.(Re)Assoc,(Re)Assoc_35.csv,(Re)Assoc,0.0,
3.(Re)Assoc,(Re)Assoc_35.csv,Normal,0.0,
3.(Re)Assoc,(Re)Assoc_36.csv,(Re)Assoc,0.0,
3.(Re)Assoc,(Re)Assoc_36.csv,Normal,2.2849830911251256e-05,
3.(Re)Assoc,(Re)Assoc_4.csv,Normal,0.0,
3.(Re)Assoc,(Re)Assoc_5.csv,Normal,0.0,
3.(Re)Assoc,(Re)Assoc_6.csv,Normal,0.0,
3.(Re)Assoc,(Re)Assoc_7.csv,Normal,0.0,
3.(Re)Assoc,(Re)Assoc_8.csv,Normal,0.0,
3.(Re)Assoc,(Re)Assoc_9.csv,Normal,0.0,
4.Rogue_AP,RogueAP_0.csv,Normal,0.0,
4.Rogue_AP,RogueAP_1.csv,Normal,0.0,
4.Rogue_AP,RogueAP_10.csv,Normal,0.0,
4.Rogue_AP,RogueAP_11.csv,Normal,0.0,
4.Rogue_AP,RogueAP_12.csv,Normal,0.0,
4.Rogue_AP,RogueAP_13.csv,Normal,0.0,
4.Rogue_AP,RogueAP_14.csv,Normal,0.0,
4.Rogue_AP,RogueAP_15.csv,Normal,0.0,
4.Rogue_AP,RogueAP_16.csv,Normal,0.0,
4.Rogue_AP,RogueAP_17.csv,Normal,0.0,
4.Rogue_AP,RogueAP_18.csv,Normal,0.0,
4.Rogue_AP,RogueAP_19.csv,Normal,0.0,
4.Rogue_AP,RogueAP_2.csv,Normal,0.0,
4.Rogue_AP,RogueAP_20.csv,Normal,0.0,
4.Rogue_AP,RogueAP_21.csv,Normal,0.0,
4.Rogue_AP,RogueAP_22.csv,Normal,0.0,
4.Rogue_AP,RogueAP_23.csv,Normal,0.0,
4.Rogue_AP,RogueAP_23.csv,RogueAP,1.0,
4.Rogue_AP,RogueAP_24.csv,Normal,0.0,
4.Rogue_AP,RogueAP_24.csv,RogueAP,0.0,
4.Rogue_AP,RogueAP_25.csv,Normal,4.006651040727608e-05,
4.Rogue_AP,RogueAP_25.csv,RogueAP,0.0,
4.Rogue_AP,RogueAP_26.csv,Normal,0.0,
4.Rogue_AP,RogueAP_26.csv,RogueAP,0.0,
4.Rogue_AP,RogueAP_27.csv,Normal,0.0,
4.Rogue_AP,RogueAP_27.csv,RogueAP,0.0,
4.Rogue_AP,RogueAP_28.csv,Normal,0.0,
4.Rogue_AP,RogueAP_28.csv,RogueAP,0.0,
4.Rogue_AP,RogueAP_29.csv,Normal,0.0,
4.Rogue_AP,RogueAP_29.csv,RogueAP,0.0,
4.Rogue_AP,RogueAP_3.csv,Normal,0.0,
4.Rogue_AP,RogueAP_30.csv,Normal,4.00456520433294e-05,
4.Rogue_AP,RogueAP_30.csv,RogueAP,0.0,
4.Rogue_AP,RogueAP_31.csv,Normal,0.0,
4.Rogue_AP,RogueAP_31.csv,RogueAP,0.0,
4.Rogue_AP,RogueAP_32.csv,Normal,0.0,
4.Rogue_AP,RogueAP_32.csv,RogueAP,0.0,
4.Rogue_AP,RogueAP_33.csv,Normal,0.0,
4.Rogue_AP,RogueAP_33.csv,RogueAP,0.0,
4.Rogue_AP,RogueAP_34.csv,Normal,0.0,
4.Rogue_AP,RogueAP_34.csv,RogueAP,0.0,
4.Rogue_AP,RogueAP_35.csv,Normal,0.0,
4.Rogue_AP,RogueAP_35.csv,RogueAP,0.0,
4.Rogue_AP,RogueAP_36.csv,Normal,0.0,
4.Rogue_AP,RogueAP_36.csv,RogueAP,0.0,
4.Rogue_AP,RogueAP_37.csv,Normal,0.0,
4.Rogue_AP,RogueAP_37.csv,RogueAP,0.0,
4.Rogue_AP,RogueAP_38.csv,Normal,0.0,
4.Rogue_AP,RogueAP_38.csv,RogueAP,0.0,
4.Rogue_AP,RogueAP_39.csv,Normal,0.0,
4.Rogue_AP,RogueAP_39.csv,RogueAP,0.0,
4.Rogue_AP,RogueAP_4.csv,Normal,0.0,
4.Rogue_AP,RogueAP_5.csv,Normal,0.0,
4.Rogue_AP,RogueAP_6.csv,Normal,0.0,
4.Rogue_AP,RogueAP_7.csv,Normal,0.0,
4.Rogue_AP,RogueAP_8.csv,Normal,0.0,
4.Rogue_AP,RogueAP_9.csv,Normal,0.0,
5.Krack,Krack_0.csv,Normal,0.0,
5.Krack,Krack_1.csv,Normal,0.0,
5.Krack,Krack_10.csv,Normal,0.0,
5.Krack,Krack_11.csv,Normal,0.0,
5.Krack,Krack_12.csv,Normal,0.0,
5.Krack,Krack_13.csv,Normal,0.0,
5.Krack,Krack_14.csv,Normal,0.0,
5.Krack,Krack_15.csv,Normal,0.0,
5.Krack,Krack_16.csv,Normal,0.0,
5.Krack,Krack_17.csv,Normal,0.0,
5.Krack,Krack_18.csv,Normal,0.0,
5.Krack,Krack_19.csv,Normal,0.0,
5.Krack,Krack_2.csv,Normal,0.0,
5.Krack,Krack_20.csv,Normal,0.0,
5.Krack,Krack_21.csv,Normal,0.0,
5.Krack,Krack_22.csv,Normal,0.0,
5.Krack,Krack_23.csv,Normal,0.0,
5.Krack,Krack_24.csv,Normal,0.0,
5.Krack,Krack_25.csv,Krack,0.0,
5.Krack,Krack_25.csv,Normal,0.0,
5.Krack,Krack_26.csv,Krack,0.0,
5.Krack,Krack_26.csv,Normal,2.9710618575078734e-05,
5.Krack,Krack_27.csv,Krack,6.246486351427322e-05,
5.Krack,Krack_27.csv,Normal,0.0,
5.Krack,Krack_28.csv,Krack,0.00037544584193730055,
5.Krack,Krack_28.csv,Normal,0.0,
5.Krack,Krack_3.csv,Normal,0.0,
5.Krack,Krack_4.csv,Normal,0.0,
5.Krack,Krack_5.csv,Normal,0.0,
5.Krack,Krack_6.csv,Normal,0.0,
5.Krack,Krack_7.csv,Normal,0.0,
5.Krack,Krack_8.csv,Normal,0.0,
5.Krack,Krack_9.csv,Normal,0.0,
6.Kr00k,Kr00k_0.csv,Normal,0.0,
6.Kr00k,Kr00k_1.csv,Normal,0.0,
6.Kr00k,Kr00k_10.csv,Normal,0.0,
6.Kr00k,Kr00k_11.csv,Normal,0.0,
6.Kr00k,Kr00k_12.csv,Normal,0.0,
6.Kr00k,Kr00k_13.csv,Normal,0.0,
6.Kr00k,Kr00k_14.csv,Normal,0.0,
6.Kr00k,Kr00k_15.csv,Normal,0.0,
6.Kr00k,Kr00k_16.csv,Normal,0.0,
6.Kr00k,Kr00k_17.csv,Normal,0.0,
6.Kr00k,Kr00k_18.csv,Normal,0.0,
6.Kr00k,Kr00k_19.csv,Normal,0.0,
6.Kr00k,Kr00k_2.csv,Normal,0.0,
6.Kr00k,Kr00k_20.csv,Normal,0.0,
6.Kr00k,Kr00k_21.csv,Normal,0.0,
6.Kr00k,Kr00k_22.csv,Normal,0.0,
6.Kr00k,Kr00k_23.csv,Normal,0.0,
6.Kr00k,Kr00k_24.csv,Normal,0.0,
6.Kr00k,Kr00k_25.csv,Normal,0.0,
6.Kr00k,Kr00k_26.csv,Normal,0.0,
6.Kr00k,Kr00k_27.csv,Normal,0.0,
6.Kr00k,Kr00k_28.csv,Normal,0.0,
6.Kr00k,Kr00k_29.csv,Normal,0.0,
6.Kr00k,Kr00k_3.csv,Normal,0.0,
6.Kr00k,Kr00k_30.csv,Normal,0.0,
6.Kr00k,Kr00k_31.csv,Kr00k,0.0,
6.Kr00k,Kr00k_31.csv,Normal,0.0,
6.Kr00k,Kr00k_32.csv,Kr00k,0.0,
6.Kr00k,Kr00k_32.csv,Normal,0.0,
6.Kr00k,Kr00k_33.csv,Kr00k,0.0,
6.Kr00k,Kr00k_33.csv,Normal,0.0,
6.Kr00k,Kr00k_34.csv,Kr00k,0.0,
6.Kr00k,Kr00k_34.csv,Normal,0.00012879958784131891,
6.Kr00k,Kr00k_35.csv,Kr00K,0.0,
6.Kr00k,Kr00k_35.csv,Normal,0.00020283975659229209,
6.Kr00k,Kr00k_36.csv,Kr00k,0.0,
6.Kr00k,Kr00k_36.csv,Normal,0.0001428027418126428,
6.Kr00k,Kr00k_37.csv,Kr00k,0.0,
6.Kr00k,Kr00k_37.csv,Normal,5.05382321726386e-05,
6.Kr00k,Kr00k_38.csv,Kr00k,0.0,
6.Kr00k,Kr00k_38.csv,Normal,7.499812504687383e-05,
6.Kr00k,Kr00k_39.csv,Kr00k,0.0,
6.Kr00k,Kr00k_39.csv,Normal,7.654428086648125e-05,
6.Kr00k,Kr00k_4.csv,Normal,0.0,
6.Kr00k,Kr00k_40.csv,Kr00k,0.0,
6.Kr00k,Kr00k_40.csv,Normal,0.0,
6.Kr00k,Kr00k_41.csv,Kr00k,0.0,
6.Kr00k,Kr00k_41.csv,Normal,2.470844040324175e-05,
6.Kr00k,Kr00k_42.csv,Kr00k,0.0,
6.Kr00k,Kr00k_42.csv,Normal,0.0,
6.Kr00k,Kr00k_43.csv,Kr00k,0.0,
6.Kr00k,Kr00k_43.csv,Normal,0.0,
6.Kr00k,Kr00k_44.csv,Kr00k,0.0,
6.Kr00k,Kr00k_44.csv,Normal,0.0,
6.Kr00k,Kr00k_45.csv,Kr00k,0.0,
6.Kr00k,Kr00k_45.csv,Normal,6.643194047698133e-05,
6.Kr00k,Kr00k_46.csv,Kr00k,0.0,
6.Kr00k,Kr00k_46.csv,Normal,2.175000543750136e-05,
6.Kr00k,Kr00k_47.csv,Kr00k,0.0,
6.Kr00k,Kr00k_47.csv,Normal,0.0,
6.Kr00k,Kr00k_48.csv,Kr00k,0.0,
6.Kr00k,Kr00k_48.csv,Normal,0.0,
6.Kr00k,Kr00k_49.csv,Kr00k,0.0,
6.Kr00k,Kr00k_49.csv,Normal,0.0,
6.Kr00k,Kr00k_5.csv,Normal,0.0,
6.Kr00k,Kr00k_50.csv,Kr00k,0.0,
6.Kr00k,Kr00k_50.csv,Normal,0.00011500069000414002,
6.Kr00k,Kr00k_51.csv,Kr00k,0.0,
6.Kr00k,Kr00k_51.csv,Normal,0.0,
6.Kr00k,Kr00k_52.csv,Kr00k,0.0001383508577753182,
6.Kr00k,Kr00k_52.csv,Normal,7.014098337658694e-05,
6.Kr00k,Kr00k_53.csv,Kr00k,0.0,
6.Kr00k,Kr00k_53.csv,Normal,0.0,
6.Kr00k,Kr00k_54.csv,Kr00k,0.0,
6.Kr00k,Kr00k_54.csv,Normal,0.00015127067365873335,
6.Kr00k,Kr00k_55.csv,Kr00k,0.0,
6.Kr00k,Kr00k_55.csv,Normal,0.0,
6.Kr00k,Kr00k_56.csv,Kr00k,0.0,
6.Kr00k,Kr00k_56.csv,Normal,2.234986478331806e-05,
6.Kr00k,Kr00k_57.csv,Kr00k,0.0002552974214960429,
6.Kr00k,Kr00k_57.csv,Normal,4.34008940584176e-05,
6.Kr00k,Kr00k_58.csv,Normal,0.0,
6.Kr00k,Kr00k_6.csv,Normal,0.0,
6.Kr00k,Kr00k_7.csv,Normal,0.0,
6.Kr00k,Kr00k_8.csv,Normal,0.0,
6.Kr00k,Kr00k_9.csv,Normal,0.0,
7.SSH,SSH_0.csv,Normal,0.0,
7.SSH,SSH_1.csv,Normal,0.0,
7.SSH,SSH_10.csv,Normal,0.0,
7.SSH,SSH_11.csv,Normal,0.0,
7.SSH,SSH_12.csv,Normal,0.0,
7.SSH,SSH_13.csv,Normal,0.0,
7.SSH,SSH_14.csv,Normal,0.0,
7.SSH,SSH_15.csv,Normal,0.0,
7.SSH,SSH_16.csv,Normal,0.0,
7.SSH,SSH_17.csv,Normal,0.0,
7.SSH,SSH_18.csv,Normal,0.0,
7.SSH,SSH_19.csv,Normal,0.0,
7.SSH,SSH_2.csv,Normal,0.0,
7.SSH,SSH_20.csv,Normal,0.0,
